url,last_successful_submission,bing_last_successful_submission,google_index_status,google_index_details,google_last_crawl
https://yuceltoluyag.github.io/2025-veraset-intikal-vergisi-bilgilendirme/,,,,,
https://yuceltoluyag.github.io/ai-detector-sacmaliklari/,,,,,
https://yuceltoluyag.github.io/arch-linux-anydesk-kurulumu-rehberi/,,,,,
https://yuceltoluyag.github.io/arch-linux-apache-lampp-sanal-sunucu-kurulumu/,,,,,
https://yuceltoluyag.github.io/arch-linux-conda-kurulumu/,,,,,
https://yuceltoluyag.github.io/arch-linux-cpu-performans-ayarlari/,,,,,
https://yuceltoluyag.github.io/arch-linux-ddos-hizmet-kesintisi/,,,,,
https://yuceltoluyag.github.io/arch-linux-disk-alani-gorunmuyor-cozum/,,,,,
https://yuceltoluyag.github.io/arch-linux-dns-vpn-systemd-resolved-unbound/,,,,,
https://yuceltoluyag.github.io/arch-linux-dnsmasq-dnscrypt-proxy/,,,,,
https://yuceltoluyag.github.io/arch-linux-docker-kurulumu/,,,,,
https://yuceltoluyag.github.io/arch-linux-eski-depolar-temizlenmesi/,,,,,
https://yuceltoluyag.github.io/arch-linux-flutter-kurulumu/,,,,,
https://yuceltoluyag.github.io/arch-linux-lampp-kurulumu-php7x-mariadb-mysql-phpmyadmin/,,,,,
https://yuceltoluyag.github.io/arch-linux-laravel-valet-kurulumu/,,,,,
https://yuceltoluyag.github.io/arch-linux-linux-firmware-nvidia-hatasi-cozumu/,,,,,
https://yuceltoluyag.github.io/arch-linux-mikrotik-wireguard-kurulumu/,,,,,
https://yuceltoluyag.github.io/arch-linux-ntfs-yapilandirma/,,,,,
https://yuceltoluyag.github.io/arch-linux-ntsync-aktif-etme-zen-kernel-rehberi/,,,,,
https://yuceltoluyag.github.io/arch-linux-nvidia-ekran-karti-kurulumu/,,,,,
https://yuceltoluyag.github.io/arch-linux-ollama-webui-kurulumu-docker/,,,,,
https://yuceltoluyag.github.io/arch-linux-pacsave-dosyalari/,,,,,
https://yuceltoluyag.github.io/arch-linux-postgresql-pgadmin4-kurulum-rehber/,,,,,
https://yuceltoluyag.github.io/arch-linux-rise-of-kingdoms-kurulumu/,,,,,
https://yuceltoluyag.github.io/arch-linux-steam-ses-hatasi-cozumu/,,,,,
https://yuceltoluyag.github.io/arch-linux-transmission-kurulum/,,,,,
https://yuceltoluyag.github.io/arch-linux-usb-guc-yonetimi-ve-kernel-modul-analizi/,,,,,
https://yuceltoluyag.github.io/arch-linux-uzerinde-retroarch-kurulumu/,,,,,
https://yuceltoluyag.github.io/arch-linux-waydroid-internet-sorunu-cozumu/,,,,,
https://yuceltoluyag.github.io/arch-linux-waydroid-kurulumu/,,,,,
https://yuceltoluyag.github.io/archlinux-valkey-redis-kurulumu/,,,,,
https://yuceltoluyag.github.io/archlinux-virtualbox-vagrant-laravel-phpmyadmin-kurulumu/,,,,,
https://yuceltoluyag.github.io/autocut-otomatik-video-kesme-markdown-rehberi/,,,,,
https://yuceltoluyag.github.io/aws-ec2-openvpn-kurulumu-dns-leak-duzeltilmesi/,,,,,
https://yuceltoluyag.github.io/bolunmus-rar-dosyalarini-cikarmanin-en-kolay-yolu/,,,,,
https://yuceltoluyag.github.io/bootstrap-jquery-kayit-formu-olusturalim/,,,,,
https://yuceltoluyag.github.io/claws-sonic-v1-rgb-spectrum-kulaklik-incelemesi/,,,,,
https://yuceltoluyag.github.io/composer-yavas-indirme-sorunu-cozumu/,,,,,
https://yuceltoluyag.github.io/cyberpunk-2077-linux-mod-kurulum-rehberi/,,,,,
https://yuceltoluyag.github.io/davinci-resolve-20-1-linux-hatasi-cozumu/,,,,,
https://yuceltoluyag.github.io/davinci-resolve-extras-download-failed/,,,,,
https://yuceltoluyag.github.io/docker-imaj-boyutu-kucultme-rehberi/,,,,,
https://yuceltoluyag.github.io/dreame-d10-plus-gen-2-inceleme/,,,,,
https://yuceltoluyag.github.io/e-sigara-tecrubelerim/,,,,,
https://yuceltoluyag.github.io/earn-com-nedir-nasil-kullanilir/,,,,,
https://yuceltoluyag.github.io/en-iyi-yerel-llm-modelleri-2026/,,,,,
https://yuceltoluyag.github.io/en/2025-veraset-intikal-vergisi-bilgilendirme/,,,,,
https://yuceltoluyag.github.io/en/ai-detector-sacmaliklari/,,,,,
https://yuceltoluyag.github.io/en/arch-linux-anydesk-kurulumu-rehberi/,,,,,
https://yuceltoluyag.github.io/en/arch-linux-apache-lampp-sanal-sunucu-kurulumu/,,,,,
https://yuceltoluyag.github.io/en/arch-linux-conda-kurulumu/,,,,,
https://yuceltoluyag.github.io/en/arch-linux-cpu-performans-ayarlari/,,,,,
https://yuceltoluyag.github.io/en/arch-linux-ddos-hizmet-kesintisi/,,,,,
https://yuceltoluyag.github.io/en/arch-linux-disk-alani-gorunmuyor-cozum/,,,,,
https://yuceltoluyag.github.io/en/arch-linux-dns-vpn-systemd-resolved-unbound/,,,,,
https://yuceltoluyag.github.io/en/arch-linux-docker-kurulumu/,,,,,
https://yuceltoluyag.github.io/en/arch-linux-eski-depolar-temizlenmesi/,,,,,
https://yuceltoluyag.github.io/en/arch-linux-flutter-kurulumu/,,,,,
https://yuceltoluyag.github.io/en/arch-linux-lampp-kurulumu-php7x-mariadb-mysql-phpmyadmin/,,,,,
https://yuceltoluyag.github.io/en/arch-linux-laravel-valet-kurulumu/,,,,,
https://yuceltoluyag.github.io/en/arch-linux-linux-firmware-nvidia-hatasi-cozumu/,,,,,
https://yuceltoluyag.github.io/en/arch-linux-mikrotik-wireguard-kurulumu/,,,,,
https://yuceltoluyag.github.io/en/arch-linux-ntfs-yapilandirma/,,,,,
https://yuceltoluyag.github.io/en/arch-linux-ntsync-aktif-etme-zen-kernel-rehberi/,,,,,
https://yuceltoluyag.github.io/en/arch-linux-nvidia-ekran-karti-kurulumu/,,,,,
https://yuceltoluyag.github.io/en/arch-linux-ollama-webui-kurulumu-docker/,,,,,
https://yuceltoluyag.github.io/en/arch-linux-pacsave-dosyalari/,,,,,
https://yuceltoluyag.github.io/en/arch-linux-rise-of-kingdoms-kurulumu/,,,,,
https://yuceltoluyag.github.io/en/arch-linux-steam-ses-hatasi-cozumu/,,,,,
https://yuceltoluyag.github.io/en/arch-linux-transmission-kurulum/,,,,,
https://yuceltoluyag.github.io/en/arch-linux-usb-guc-yonetimi-ve-kernel-modul-analizi/,,,,,
https://yuceltoluyag.github.io/en/arch-linux-uzerinde-retroarch-kurulumu/,,,,,
https://yuceltoluyag.github.io/en/arch-linux-waydroid-internet-sorunu-cozumu/,,,,,
https://yuceltoluyag.github.io/en/arch-linux-waydroid-kurulumu/,,,,,
https://yuceltoluyag.github.io/en/archlinux-valkey-redis-kurulumu/,,,,,
https://yuceltoluyag.github.io/en/archlinux-virtualbox-vagrant-laravel-phpmyadmin-kurulumu/,,,,,
https://yuceltoluyag.github.io/en/autocut-otomatik-video-kesme-markdown-rehberi/,,,,,
https://yuceltoluyag.github.io/en/aws-ec2-openvpn-kurulumu-dns-leak-duzeltilmesi/,,,,,
https://yuceltoluyag.github.io/en/bolunmus-rar-dosyalarini-cikarmanin-en-kolay-yolu/,,,,,
https://yuceltoluyag.github.io/en/bootstrap-jquery-kayit-formu-olusturalim/,,,,,
https://yuceltoluyag.github.io/en/claws-sonic-v1-rgb-spectrum-kulaklik-incelemesi/,,,,,
https://yuceltoluyag.github.io/en/composer-yavas-indirme-sorunu-cozumu/,,,,,
https://yuceltoluyag.github.io/en/cyberpunk-2077-linux-mod-kurulum-rehberi/,,,,,
https://yuceltoluyag.github.io/en/davinci-resolve-20-1-linux-hatasi-cozumu/,,,,,
https://yuceltoluyag.github.io/en/davinci-resolve-extras-download-failed/,,,,,
https://yuceltoluyag.github.io/en/docker-imaj-boyutu-kucultme-rehberi/,,,,,
https://yuceltoluyag.github.io/en/dreame-d10-plus-gen-2-inceleme/,,,,,
https://yuceltoluyag.github.io/en/e-sigara-tecrubelerim/,,,,,
https://yuceltoluyag.github.io/en/earn-com-nedir-nasil-kullanilir/,,,,,
https://yuceltoluyag.github.io/en/en-iyi-yerel-llm-modelleri-2026/,,,,,
https://yuceltoluyag.github.io/en/facebook-5000-arkadas-ekleme-sureli/,,,,,
https://yuceltoluyag.github.io/en/facebook-gruba-toplu-arkadas-ekleme/,,,,,
https://yuceltoluyag.github.io/en/facebook-otomatik-arkadas-ekleme-sureli-secimli/,,,,,
https://yuceltoluyag.github.io/en/facebook-toplu-arkadas-ekleme/,,,,,
https://yuceltoluyag.github.io/en/forza-horizon-6-fh201-hatasi-cozumu/,,,,,
https://yuceltoluyag.github.io/en/gemini-code-assist-vs-github-copilot-2026/,,,,,
https://yuceltoluyag.github.io/en/ghostmirror-arch-linux-kullanimi/,,,,,
https://yuceltoluyag.github.io/en/git-commit-geri-donme-cherry-pick/,,,,,
https://yuceltoluyag.github.io/en/git-gpg-imzali-commit-vscode-arch/,,,,,
https://yuceltoluyag.github.io/en/git-gpg-imzali-etiket/,,,,,
https://yuceltoluyag.github.io/en/git-ssh-key-olusturma/,,,,,
https://yuceltoluyag.github.io/en/github-actions-yerelde-test-etme-act/,,,,,
https://yuceltoluyag.github.io/en/github-bildirim-spam-gh-ile-kurtulmak/,,,,,
https://yuceltoluyag.github.io/en/github-commit-atma-rehberi/,,,,,
https://yuceltoluyag.github.io/en/github-sadece-bir-klasor-indirme/,,,,,
https://yuceltoluyag.github.io/en/google-indexing-api-nasil-kullanilir/,,,,,
https://yuceltoluyag.github.io/en/gpu-sogutmasinda-sivi-metal-kullanimi-ve-dikkat-edilmesi-gerekenler/,,,,,
https://yuceltoluyag.github.io/en/guncel-ucretsiz-oyunlar/,,,,,
https://yuceltoluyag.github.io/en/her-turk-gencinin-izlemesi-gereken-belgeseller-1/,,,,,
https://yuceltoluyag.github.io/en/i3lock-uyku-modu-kilit-ekrani/,,,,,
https://yuceltoluyag.github.io/en/imap-sunucusuna-openssl-kullanarak-terminal-ile-erisin/,,,,,
https://yuceltoluyag.github.io/en/instagram-klavye-yorum-kutusu-sorunu/,,,,,
https://yuceltoluyag.github.io/en/instagram-toplu-yorum-ve-begeni-silme-rehberi/,,,,,
https://yuceltoluyag.github.io/en/jekyll-blog-kurulumu/,,,,,
https://yuceltoluyag.github.io/en/jekyll-google-analytics-sayfa-goruntuleme/,,,,,
https://yuceltoluyag.github.io/en/jekyll-staticman-eklentisi-kurulumu/,,,,,
https://yuceltoluyag.github.io/en/laravel-ide-helper-kullanimi/,,,,,
https://yuceltoluyag.github.io/en/lightdm-xprofile-xinitrc-farki/,,,,,
https://yuceltoluyag.github.io/en/linkedin-is-gorusmesi-dolandiriciligi-beavertail/,,,,,
https://yuceltoluyag.github.io/en/linux-apache2-mysql-phpmyadmin-kurulumu/,,,,,
https://yuceltoluyag.github.io/en/linux-disk-mount-unmount-temel-bilgiler/,,,,,
https://yuceltoluyag.github.io/en/linux-disk-sifirlama-rehberi/,,,,,
https://yuceltoluyag.github.io/en/linux-firewall-ayarlari/,,,,,
https://yuceltoluyag.github.io/en/linux-gpu-driver-rehberi/,,,,,
https://yuceltoluyag.github.io/en/linux-guvenlik-clamav-tam-kapsamli-rehber/,,,,,
https://yuceltoluyag.github.io/en/linux-oyunlara-turkce-yama-kurulumu/,,,,,
https://yuceltoluyag.github.io/en/linux-ozellestirilebilir-mp3-oynaticisi-audacious/,,,,,
https://yuceltoluyag.github.io/en/linux-space-cadet-pinball-kurulumu/,,,,,
https://yuceltoluyag.github.io/en/linux-sudoers-sifresiz-komut-cozumu/,,,,,
https://yuceltoluyag.github.io/en/linux-ta-codeigniter-nasil-kurulur/,,,,,
https://yuceltoluyag.github.io/en/linux-ta-httrack-kullanimi/,,,,,
https://yuceltoluyag.github.io/en/linux-tcp-tuning-node-js-microservices/,,,,,
https://yuceltoluyag.github.io/en/linux-tema-nasil-yuklenir/,,,,,
https://yuceltoluyag.github.io/en/linux-uefi-windows10-usb/,,,,,
https://yuceltoluyag.github.io/en/linux-vortex-clair-obscur-expedition-33-mod-kurulumu/,,,,,
https://yuceltoluyag.github.io/en/lutris-installed-file-impact-ttf-not-found-cozumu/,,,,,
https://yuceltoluyag.github.io/en/mangohud-ile-oyun-performansi-izleme/,,,,,
https://yuceltoluyag.github.io/en/mcp-puppeteer-sunucusu-kurulumu/,,,,,
https://yuceltoluyag.github.io/en/mediatek-imei-onarma-rehberi/,,,,,
https://yuceltoluyag.github.io/en/modern-bir-mutt-kurulumu-1-bolum/,,,,,
https://yuceltoluyag.github.io/en/newsboat-rss-feeds-kullanimi/,,,,,
https://yuceltoluyag.github.io/en/ngrok-kullanimi-resimli-anlatim/,,,,,
https://yuceltoluyag.github.io/en/ninja-kamil-ghost-of-tsushima-linux-macerasi/,,,,,
https://yuceltoluyag.github.io/en/nodejs-sharp-cpp17-derleme-hatasi-cozumu/,,,,,
https://yuceltoluyag.github.io/en/obs-linux-browser-eklentisi-kurulumu/,,,,,
https://yuceltoluyag.github.io/en/oh-my-zsh-kurulumu-tema-ve-eklentiler/,,,,,
https://yuceltoluyag.github.io/en/oh-my-zsh-kurulumu-temel-ayarlar/,,,,,
https://yuceltoluyag.github.io/en/oh-my-zsh-ozel-aliaslar-fonksiyonlar/,,,,,
https://yuceltoluyag.github.io/en/onemli-degisiklikler/,,,,,
https://yuceltoluyag.github.io/en/otomatik-bing-indexnow-kullanimi/,,,,,
https://yuceltoluyag.github.io/en/pdo-sum-fonksiyonu-kullanimi-morris-js/,,,,,
https://yuceltoluyag.github.io/en/pelican-ile-staticman-alternatifi-comment-worker-kurulumu/,,,,,
https://yuceltoluyag.github.io/en/pelican-mastodon-yorumlari-ekleme/,,,,,
https://yuceltoluyag.github.io/en/pelican-redirect-eklentisi/,,,,,
https://yuceltoluyag.github.io/en/pelican-statik-site-playwright-test/,,,,,
https://yuceltoluyag.github.io/en/philips-avent-natural-response-cam-biberon/,,,,,
https://yuceltoluyag.github.io/en/phpstorm-icinde-cmder-kullanmak/,,,,,
https://yuceltoluyag.github.io/en/phpstorm-icinde-cs-fixer-kullanmak/,,,,,
https://yuceltoluyag.github.io/en/playwright-arch-linux-kurulum/,,,,,
https://yuceltoluyag.github.io/en/png-mogrify-chunk-hatalari-cozumu/,,,,,
https://yuceltoluyag.github.io/en/powershell-profil-onedrive-hatasi-cozumu/,,,,,
https://yuceltoluyag.github.io/en/powershell-pyenv-win-kurulum-hatasi-cozumu/,,,,,
https://yuceltoluyag.github.io/en/proxmox-zfs-home-assistant/,,,,,
https://yuceltoluyag.github.io/en/pyenv-arch-linux-aur-python-modul-hatalari-cozumleri/,,,,,
https://yuceltoluyag.github.io/en/qwen-3-6-27b-yerel-kod-modeli-kurulumu/,,,,,
https://yuceltoluyag.github.io/en/qwen3-mcp-server-aktif-etme/,,,,,
https://yuceltoluyag.github.io/en/raspberry-pi-nasil-kurulur/,,,,,
https://yuceltoluyag.github.io/en/raspberry-pi-zero-ram-diskless-web-server/,,,,,
https://yuceltoluyag.github.io/en/redmi-note-8-pro-custom-rom-kurulumu/,,,,,
https://yuceltoluyag.github.io/en/simcity-3000-4k-modern-sistem-kurulumu/,,,,,
https://yuceltoluyag.github.io/en/spotify-muzik-indirme/,,,,,
https://yuceltoluyag.github.io/en/ssh-gpg-yedekleme-geri-yukleme/,,,,,
https://yuceltoluyag.github.io/en/steam-debian-oyun-acilmiyor-wrong-elf-class-libgamemodeauto-hatasi-cozumu/,,,,,
https://yuceltoluyag.github.io/en/stremio-nedir-nasil-kullanilir-eklenti-kurulumu-rehberi/,,,,,
https://yuceltoluyag.github.io/en/sublime-text-eklentileri/,,,,,
https://yuceltoluyag.github.io/en/sweet-alert-kullanimi/,,,,,
https://yuceltoluyag.github.io/en/tavsiye-ettigim-programlar-ve-uygulamalar/,,,,,
https://yuceltoluyag.github.io/en/terminator-git-curl-fish-kurulumu/,,,,,
https://yuceltoluyag.github.io/en/turboquant-sessiz-cokme-cozumu/,,,,,
https://yuceltoluyag.github.io/en/usb-bellekten-iso-onyukleme-rehberi/,,,,,
https://yuceltoluyag.github.io/en/vagrant-virtualbox-6-1-uyumluluk/,,,,,
https://yuceltoluyag.github.io/en/veda-rise-of-kingdom-bot/,,,,,
https://yuceltoluyag.github.io/en/verotnet-upload-sinifi-nasil-kullanilir/,,,,,
https://yuceltoluyag.github.io/en/vivaldi-doh-dns-over-https-ayari/,,,,,
https://yuceltoluyag.github.io/en/vivaldi-linux-deneyimi/,,,,,
https://yuceltoluyag.github.io/en/vlsub-ile-altyazi-aramaya-son/,,,,,
https://yuceltoluyag.github.io/en/vmware-workstation-mkssandbox-cokus-hatasi-ve-cozumu/,,,,,
https://yuceltoluyag.github.io/en/weston-ile-waydroid-modulenotfounderror-hatasi-cozumu/,,,,,
https://yuceltoluyag.github.io/en/wget-ile-web-sitesi-indirme/,,,,,
https://yuceltoluyag.github.io/en/windows-terminalimi-nasil-ozellestiriyorum/,,,,,
https://yuceltoluyag.github.io/en/windows-uzerinde-redshift-kullanimi/,,,,,
https://yuceltoluyag.github.io/en/windows-uzerinden-paylasilan-dosya-ve-yazicilara-erisim-saglamak/,,,,,
https://yuceltoluyag.github.io/en/wineprefix-nedir-nasil-kullanilir/,,,,,
https://yuceltoluyag.github.io/en/wsl-pyenv-cakisma-cozumu/,,,,,
https://yuceltoluyag.github.io/en/wsl-uzerinde-arch-linux-kurulumu/,,,,,
https://yuceltoluyag.github.io/en/xampp-htaccess-aktif-etmek/,,,,,
https://yuceltoluyag.github.io/en/xampp-ozel-alan-adi/,,,,,
https://yuceltoluyag.github.io/en/xampp-php7-kurulumu-linux/,,,,,
https://yuceltoluyag.github.io/en/yeni-baslayanlar-linux-surumu/,,,,,
https://yuceltoluyag.github.io/en/yerel-ai-kurulum-rehberi-lm-studio-vs-code/,,,,,
https://yuceltoluyag.github.io/en/yerel-llm-kurulum-rehberi-2026/,,,,,
https://yuceltoluyag.github.io/en/yerel-llmler-icin-en-iyi-gpu-2026/,,,,,
https://yuceltoluyag.github.io/en/yunohost-kurulumu-apt-kilitlenme-hatasi-cozumu/,,,,,
https://yuceltoluyag.github.io/en/yunohost-robots-txt-olusturmak/,,,,,
https://yuceltoluyag.github.io/en/zsh-icerisinde-shopt-kullanmak/,,,,,
https://yuceltoluyag.github.io/facebook-5000-arkadas-ekleme-sureli/,,,,,
https://yuceltoluyag.github.io/facebook-gruba-toplu-arkadas-ekleme/,,,,,
https://yuceltoluyag.github.io/facebook-otomatik-arkadas-ekleme-sureli-secimli/,,,,,
https://yuceltoluyag.github.io/facebook-toplu-arkadas-ekleme/,,,,,
https://yuceltoluyag.github.io/forza-horizon-6-fh201-hatasi-cozumu/,,,,,
https://yuceltoluyag.github.io/gemini-code-assist-vs-github-copilot-2026/,,,,,
https://yuceltoluyag.github.io/ghostmirror-arch-linux-kullanimi/,,,,,
https://yuceltoluyag.github.io/git-commit-geri-donme-cherry-pick/,,,,,
https://yuceltoluyag.github.io/git-gpg-imzali-commit-vscode-arch/,,,,,
https://yuceltoluyag.github.io/git-gpg-imzali-etiket/,,,,,
https://yuceltoluyag.github.io/git-ssh-key-olusturma/,,,,,
https://yuceltoluyag.github.io/github-actions-yerelde-test-etme-act/,,,,,
https://yuceltoluyag.github.io/github-bildirim-spam-gh-ile-kurtulmak/,,,,,
https://yuceltoluyag.github.io/github-commit-atma-rehberi/,,,,,
https://yuceltoluyag.github.io/github-sadece-bir-klasor-indirme/,,,,,
https://yuceltoluyag.github.io/google-indexing-api-nasil-kullanilir/,,,,,
https://yuceltoluyag.github.io/gpu-sogutmasinda-sivi-metal-kullanimi-ve-dikkat-edilmesi-gerekenler/,,,,,
https://yuceltoluyag.github.io/guncel-ucretsiz-oyunlar/,,,,,
https://yuceltoluyag.github.io/her-turk-gencinin-izlemesi-gereken-belgeseller-1/,,,,,
https://yuceltoluyag.github.io/i3lock-uyku-modu-kilit-ekrani/,,,,,
https://yuceltoluyag.github.io/imap-sunucusuna-openssl-kullanarak-terminal-ile-erisin/,,,,,
https://yuceltoluyag.github.io/instagram-klavye-yorum-kutusu-sorunu/,,,,,
https://yuceltoluyag.github.io/instagram-toplu-yorum-ve-begeni-silme-rehberi/,,,,,
https://yuceltoluyag.github.io/jekyll-blog-kurulumu/,,,,,
https://yuceltoluyag.github.io/jekyll-google-analytics-sayfa-goruntuleme/,,,,,
https://yuceltoluyag.github.io/jekyll-staticman-eklentisi-kurulumu/,,,,,
https://yuceltoluyag.github.io/laravel-ide-helper-kullanimi/,,,,,
https://yuceltoluyag.github.io/lightdm-xprofile-xinitrc-farki/,,,,,
https://yuceltoluyag.github.io/linkedin-is-gorusmesi-dolandiriciligi-beavertail/,,,,,
https://yuceltoluyag.github.io/linux-apache2-mysql-phpmyadmin-kurulumu/,,,,,
https://yuceltoluyag.github.io/linux-disk-mount-unmount-temel-bilgiler/,,,,,
https://yuceltoluyag.github.io/linux-disk-sifirlama-rehberi/,,,,,
https://yuceltoluyag.github.io/linux-firewall-ayarlari/,,,,,
https://yuceltoluyag.github.io/linux-gpu-driver-rehberi/,,,,,
https://yuceltoluyag.github.io/linux-guvenlik-clamav-tam-kapsamli-rehber/,,,,,
https://yuceltoluyag.github.io/linux-oyunlara-turkce-yama-kurulumu/,,,,,
https://yuceltoluyag.github.io/linux-ozellestirilebilir-mp3-oynaticisi-audacious/,,,,,
https://yuceltoluyag.github.io/linux-space-cadet-pinball-kurulumu/,,,,,
https://yuceltoluyag.github.io/linux-sudoers-sifresiz-komut-cozumu/,,,,,
https://yuceltoluyag.github.io/linux-ta-codeigniter-nasil-kurulur/,,,,,
https://yuceltoluyag.github.io/linux-ta-httrack-kullanimi/,,,,,
https://yuceltoluyag.github.io/linux-tcp-tuning-node-js-microservices/,,,,,
https://yuceltoluyag.github.io/linux-tema-nasil-yuklenir/,,,,,
https://yuceltoluyag.github.io/linux-uefi-windows10-usb/,,,,,
https://yuceltoluyag.github.io/linux-vortex-clair-obscur-expedition-33-mod-kurulumu/,,,,,
https://yuceltoluyag.github.io/lutris-installed-file-impact-ttf-not-found-cozumu/,,,,,
https://yuceltoluyag.github.io/mangohud-ile-oyun-performansi-izleme/,,,,,
https://yuceltoluyag.github.io/mcp-puppeteer-sunucusu-kurulumu/,,,,,
https://yuceltoluyag.github.io/mediatek-imei-onarma-rehberi/,,,,,
https://yuceltoluyag.github.io/modern-bir-mutt-kurulumu-1-bolum/,,,,,
https://yuceltoluyag.github.io/newsboat-rss-feeds-kullanimi/,,,,,
https://yuceltoluyag.github.io/ngrok-kullanimi-resimli-anlatim/,,,,,
https://yuceltoluyag.github.io/ninja-kamil-ghost-of-tsushima-linux-macerasi/,,,,,
https://yuceltoluyag.github.io/nodejs-sharp-cpp17-derleme-hatasi-cozumu/,,,,,
https://yuceltoluyag.github.io/obs-linux-browser-eklentisi-kurulumu/,,,,,
https://yuceltoluyag.github.io/oh-my-zsh-kurulumu-tema-ve-eklentiler/,,,,,
https://yuceltoluyag.github.io/oh-my-zsh-kurulumu-temel-ayarlar/,,,,,
https://yuceltoluyag.github.io/oh-my-zsh-ozel-aliaslar-fonksiyonlar/,,,,,
https://yuceltoluyag.github.io/onemli-degisiklikler/,,,,,
https://yuceltoluyag.github.io/otomatik-bing-indexnow-kullanimi/,,,,,
https://yuceltoluyag.github.io/pdo-sum-fonksiyonu-kullanimi-morris-js/,,,,,
https://yuceltoluyag.github.io/pelican-ile-staticman-alternatifi-comment-worker-kurulumu/,,,,,
https://yuceltoluyag.github.io/pelican-mastodon-yorumlari-ekleme/,,,,,
https://yuceltoluyag.github.io/pelican-redirect-eklentisi/,,,,,
https://yuceltoluyag.github.io/pelican-statik-site-playwright-test/,,,,,
https://yuceltoluyag.github.io/philips-avent-natural-response-cam-biberon/,,,,,
https://yuceltoluyag.github.io/phpstorm-icinde-cmder-kullanmak/,,,,,
https://yuceltoluyag.github.io/phpstorm-icinde-cs-fixer-kullanmak/,,,,,
https://yuceltoluyag.github.io/playwright-arch-linux-kurulum/,,,,,
https://yuceltoluyag.github.io/png-mogrify-chunk-hatalari-cozumu/,,,,,
https://yuceltoluyag.github.io/powershell-profil-onedrive-hatasi-cozumu/,,,,,
https://yuceltoluyag.github.io/powershell-pyenv-win-kurulum-hatasi-cozumu/,,,,,
https://yuceltoluyag.github.io/proxmox-zfs-home-assistant/,,,,,
https://yuceltoluyag.github.io/pyenv-arch-linux-aur-python-modul-hatalari-cozumleri/,,,,,
https://yuceltoluyag.github.io/qwen-3-6-27b-yerel-kod-modeli-kurulumu/,,,,,
https://yuceltoluyag.github.io/qwen3-mcp-server-aktif-etme/,,,,,
https://yuceltoluyag.github.io/raspberry-pi-nasil-kurulur/,,,,,
https://yuceltoluyag.github.io/raspberry-pi-zero-ram-diskless-web-server/,,,,,
https://yuceltoluyag.github.io/redmi-note-8-pro-custom-rom-kurulumu/,,,,,
https://yuceltoluyag.github.io/simcity-3000-4k-modern-sistem-kurulumu/,,,,,
https://yuceltoluyag.github.io/spotify-muzik-indirme/,,,,,
https://yuceltoluyag.github.io/ssh-gpg-yedekleme-geri-yukleme/,,,,,
https://yuceltoluyag.github.io/steam-debian-oyun-acilmiyor-wrong-elf-class-libgamemodeauto-hatasi-cozumu/,,,,,
https://yuceltoluyag.github.io/stremio-nedir-nasil-kullanilir-eklenti-kurulumu-rehberi/,,,,,
https://yuceltoluyag.github.io/sublime-text-eklentileri/,,,,,
https://yuceltoluyag.github.io/sweet-alert-kullanimi/,,,,,
https://yuceltoluyag.github.io/tavsiye-ettigim-programlar-ve-uygulamalar/,,,,,
https://yuceltoluyag.github.io/terminator-git-curl-fish-kurulumu/,,,,,
https://yuceltoluyag.github.io/turboquant-sessiz-cokme-cozumu/,,,,,
https://yuceltoluyag.github.io/usb-bellekten-iso-onyukleme-rehberi/,,,,,
https://yuceltoluyag.github.io/vagrant-virtualbox-6-1-uyumluluk/,,,,,
https://yuceltoluyag.github.io/veda-rise-of-kingdom-bot/,,,,,
https://yuceltoluyag.github.io/verotnet-upload-sinifi-nasil-kullanilir/,,,,,
https://yuceltoluyag.github.io/vivaldi-doh-dns-over-https-ayari/,,,,,
https://yuceltoluyag.github.io/vivaldi-linux-deneyimi/,,,,,
https://yuceltoluyag.github.io/vlsub-ile-altyazi-aramaya-son/,,,,,
https://yuceltoluyag.github.io/vmware-workstation-mkssandbox-cokus-hatasi-ve-cozumu/,,,,,
https://yuceltoluyag.github.io/weston-ile-waydroid-modulenotfounderror-hatasi-cozumu/,,,,,
https://yuceltoluyag.github.io/wget-ile-web-sitesi-indirme/,,,,,
https://yuceltoluyag.github.io/windows-terminalimi-nasil-ozellestiriyorum/,,,,,
https://yuceltoluyag.github.io/windows-uzerinde-redshift-kullanimi/,,,,,
https://yuceltoluyag.github.io/windows-uzerinden-paylasilan-dosya-ve-yazicilara-erisim-saglamak/,,,,,
https://yuceltoluyag.github.io/wineprefix-nedir-nasil-kullanilir/,,,,,
https://yuceltoluyag.github.io/wsl-pyenv-cakisma-cozumu/,,,,,
https://yuceltoluyag.github.io/wsl-uzerinde-arch-linux-kurulumu/,,,,,
https://yuceltoluyag.github.io/x11-proton-authenticator-buton-gorunmeme-cozumu/,,,,,
https://yuceltoluyag.github.io/xampp-htaccess-aktif-etmek/,,,,,
https://yuceltoluyag.github.io/xampp-ozel-alan-adi/,,,,,
https://yuceltoluyag.github.io/xampp-php7-kurulumu-linux/,,,,,
https://yuceltoluyag.github.io/yeni-baslayanlar-linux-surumu/,,,,,
https://yuceltoluyag.github.io/yerel-ai-kurulum-rehberi-lm-studio-vs-code/,,,,,
https://yuceltoluyag.github.io/yerel-llm-kurulum-rehberi-2026/,,,,,
https://yuceltoluyag.github.io/yerel-llmler-icin-en-iyi-gpu-2026/,,,,,
https://yuceltoluyag.github.io/yunohost-kurulumu-apt-kilitlenme-hatasi-cozumu/,,,,,
https://yuceltoluyag.github.io/yunohost-robots-txt-olusturmak/,,,,,
https://yuceltoluyag.github.io/zsh-icerisinde-shopt-kullanmak/,,,,,
https://yuceltoluyag.github.io/github-copilot-commit-mesajlarinizi-otomatik-olarak-tamamlayin/,,,,,
https://yuceltoluyag.github.io/en/arch-linux-dnsmasq-dnscrypt-proxy/,,,,,
https://yuceltoluyag.github.io/en/arch-linux-postgresql-pgadmin4-kurulum-rehber/,,,,,
https://yuceltoluyag.github.io/en/github-copilot-commit-mesajlarinizi-otomatik-olarak-tamamlayin/,,,,,
https://yuceltoluyag.github.io/en/x11-proton-authenticator-buton-gorunmeme-cozumu/,,,,,
